{
  "project_info": {
    "project_number": "525373479098",
    "project_id": "tk-login2",
    "storage_bucket": "tk-login2.appspot.com"
  },
  "client": [
    {
      "client_info": {
        "mobilesdk_app_id": "1:525373479098:android:94074a759660a68d004a83",
        "android_client_info": {
          "package_name": "com.example.tempokeeper_logintesting"
        }
      },
      "oauth_client": [
        {
          "client_id": "525373479098-3npjq4n05s9jbg8p7mg9dgoh41duuifp.apps.googleusercontent.com",
          "client_type": 3
        }
      ],
      "api_key": [
        {
          "current_key": "AIzaSyA5ZoAM3CGbmfANQbtFP-C2VR-HDLH34u8"
        }
      ],
      "services": {
        "appinvite_service": {
          "other_platform_oauth_client": [
            {
              "client_id": "525373479098-3npjq4n05s9jbg8p7mg9dgoh41duuifp.apps.googleusercontent.com",
              "client_type": 3
            }
          ]
        }
      }
    }
  ],
  "configuration_version": "1"
}